id;title;first_name;middle_name;last_name;country;address_line_1;address_line_2;zip_code;city;state_province;phone_number_1;phone_number_1_type;phone_number_2;phone_number_2_type;organisation;department
1;mindshare Interactions Versatile;Nya;Configuration;Moen;UK;synthesizing;experiences bypassing needs-based;58895;Jeanetteside;end-to-end;web-readiness copy;MOBILE;Producer;UNKNOWN;Credit;microchip Chile Tuna
2;indexing invoice;Chauncey;generating solution;Haag;RU;Grove hacking interactive;grow orchid Leone;02260-8798;Port Ephraim;Soap Account;Shoes;FIXED;Rustic USB Quality-focused;MOBILE;quantifying;bus
3;National;Ron;Fresh state Savings;Goldner;UK;Account relationships deposit;Industrial out-of-the-box;67871-7652;Breitenbergshire;time-frame;Tasty Cuban;UNKNOWN;Rubber Orchestrator;FIXED;calculating;Shoes
4;circuit;Georgianna;virtual;Hermann;RU;purple alarm;COM;23058;Lake Ariane;compelling Haven Plastic;invoice Steel CSS;FIXED;asynchronous;MOBILE;optimize Frozen Tasty;calculate
5;generation Grocery;Alyce;navigate Beauty Court;Moore;JP;Shoes;digital;34718-0341;East Gavin;infomediaries Sausages;Specialist Granite;UNKNOWN;cross-platform;FIXED;auxiliary;deposit
6;USB Seamless Ergonomic;Iliana;Oklahoma system;Heidenreich;RU;Concrete;Ergonomic microchip Toys;04744;South Sheldon;District architecture;Borders Branding;FIXED;District;FIXED;primary olive;Pound Salad olive
7;connect Steel;Kadin;Loan;Robel;JP;Bosnia Intelligent Savings;indigo compressing JSON;31674;New Letitiafort;bypassing;digital core;MOBILE;tangible calculating Integrated;MOBILE;Pennsylvania Account;transmitter Dynamic
8;Baby;Annalise;Music harness calculate;Quigley;US;Licensed Bedfordshire;payment withdrawal;76713;South Antonia;Ball Awesome;National synthesizing payment;UNKNOWN;mobile;FIXED;archive blue;integrate withdrawal
9;infomediaries Music CSS;Dejuan;Gibraltar deposit;Stroman;US;haptic;Loaf Singapore;57910;Gibsontown;auxiliary auxiliary Concrete;foreground York;UNKNOWN;generate;UNKNOWN;Rhode;portals
10;empowering Program salmon;Kenneth;Borders ADP;Prosacco;US;Handmade Clothing;solid;82102-5612;West Soniaberg;SCSI Director;Ergonomic AGP;UNKNOWN;parse Unbranded Engineer;FIXED;transform Borders;Comoros
