id;jhi_user;pass;first_name;last_name;company;address;city;phone;email;website;f_id;jhi_order;is_admin;country_code;verified_authy;authy_id
1;Health Enhanced Dynamic;Movies neural Rand;Emmet;Langworth;Card Incredible sexy;open-source integrated;Rochester Hills;819-388-3236;Emory.Weber96@yahoo.com;Metrics;81842;10421;N;29770;Y;Usability Moroccan
2;Investment Functionality Architect;Avon;Garret;Douglas;Towels integrated;Jewelery Automated;Nikolausmouth;819-724-0989 x2531;Haylie_Lowe99@hotmail.com;whiteboard Avon Spain;33994;14819;N;85738;Y;monitor Baby compressing
3;payment Fish;Norway payment loyalty;Ollie;Wilkinson;Auto;navigate navigating Unbranded;Gastonhaven;(806) 241-6972 x02474;Lemuel.Roob94@hotmail.com;Sports;33108;85329;N;27175;N;Tools program Hat
4;Soft;invoice value-added Rubber;Ashlee;Shields;auxiliary;Michigan Small;Smithfurt;297-658-8136 x796;Jefferey_Rohan@yahoo.com;Data convergence;74118;10718;N;91851;N;Bacon
5;compress time-frame;Frozen Loop Expanded;Jasper;Mitchell;ADP Tasty Sleek;Incredible Handmade envisioneer;Montgomery;594-982-8869 x46113;Reggie91@yahoo.com;Frozen;48472;59957;N;19600;Y;Borders compress
6;Tuna Borders Wells;EXE Gabon;Paolo;Windler;pixel Car Communications;Buckinghamshire black;West Xavier;492.651.9078;Jeramy_Lindgren33@gmail.com;Outdoors redundant;75141;85317;Y;67726;Y;Secured viral
7;programming deposit cross-media;New Networked;Gabe;Stiedemann;Response;Investment;South Williamton;863.695.7178;Nella_Rath23@hotmail.com;Grocery bandwidth input;26784;20565;Y;41799;Y;parsing
8;Berkshire experiences Franc;full-range seize District;Felicity;Mayer;Buckinghamshire granular user-facing;envisioneer;West Vickieshire;508.779.4702;Mertie37@yahoo.com;Division;22908;81460;Y;58815;N;Berkshire
9;Associate solution Saudi;Lane;Jannie;Smitham;Awesome;embrace invoice;North Keegan;456-567-7856 x36229;Leda_Parisian28@gmail.com;Forward;75206;98530;N;35970;N;Tajikistan partnerships
10;Principal Investment Handmade;Salad;Carley;Corkery;Agent connecting;Developer;South Ryleeside;936.485.3267;Cara_Auer@gmail.com;Open-source array port;97434;58500;Y;39966;N;Account Personal Garden
