id;key;secret;view;orders;withdraw;nonce
1;Steel Shoes;Chicken Direct;N;Y;N;91178
2;overriding innovate protocol;United synthesizing Cape;N;Y;N;55904
3;array repurpose integrate;Virginia;Y;Y;Y;66552
4;hack regional;Administrator Berkshire;Y;Y;N;41101
5;Upgradable;Executive Norway;Y;N;Y;26131
6;payment discrete Buckinghamshire;PCI hour withdrawal;Y;N;N;82803
7;haptic Customer Bedfordshire;Jamaica payment Ameliorated;Y;Y;N;35936
8;Fresh Cambridgeshire;morph;N;N;Y;65447
9;artificial;Account Wooden;Y;Y;N;48893
10;Engineer;Credit Multi-tiered;N;Y;Y;21220
