id;default_timezone;orders_under_market_percent;orders_min_usd;bitcoin_sending_fee;frontend_baseurl;frontend_dirroot;fiat_withdraw_fee;api_db_debug;api_dirroot;support_email;email_smtp_host;email_smtp_port;email_smtp_security;email_smtp_username;email_smtp_password;email_smtp_send_from;bitcoin_username;bitcoin_accountname;bitcoin_passphrase;bitcoin_host;bitcoin_port;bitcoin_protocol;authy_api_key;helpdesk_key;exchange_name;mcrypt_key;currency_conversion_fee;cross_currency_trades;btc_currency_id;deposit_bitcoin_desc;default_fee_schedule_id;history_buy_id;history_deposit_id;history_login_id;history_sell_id;history_withdraw_id;order_type_ask;request_awaiting_id;request_cancelled_id;request_completed_id;order_type_bid;request_deposit_id;request_pending_id;request_withdrawal_id;transactions_buy_id;transactions_sell_id;withdraw_fiat_desc;withdraw_btc_desc;form_email_from;email_notify_new_users;pass_regex;pass_min_chars;auth_db_debug;bitcoin_reserve_min;bitcoin_reserve_ratio;bitcoin_warm_wallet_address;cron_db_debug;quandl_api_key;cron_dirroot;backstage_db_debug;backstage_dirroot;email_notify_fiat_withdrawals;contact_email;cloudflare_api_key;google_recaptch_api_key;cloudflare_blacklist;cloudflare_email;google_recaptch_api_secret;cloudflare_blacklist_attempts;cloudflare_blacklist_timeframe;crypto_capital_pk;deposit_fiat_desc;email_notify_fiat_failed;trading_status;withdrawals_status
1;Decentralized feed;solution Lithuania sky;Operations green;B2C Small deploy;harness Toys;virtual navigate Handcrafted;collaborative;N;Health Rapids;schemas Analyst;Intelligent calculate;Fresh Idaho grey;Chips;Mississippi;XSS;Dynamic generation;synthesize Wooden Coordinator;Forward Solutions;silver one-to-one;blue;Rubber Jewelery Concrete;Refined;enterprise;Regional JBOD e-enable;transmit reboot Account;Organic;portals interfaces Dynamic;Y;transitional Health Savings;AGP blue parse;Fresh hacking;pink;Configurable Norway;Mobility withdrawal;Regional Bedfordshire Internal;invoice maximize;Steel;wireless deposit;transmitter;deposit;Wooden;Cuban;Future leverage;Darussalam Refined policy;bandwidth maximize;Engineer envisioneer primary;SQL;engineer Customer;Account Maryland Borders;Y;cross-media firewall capacity;bus Salad;N;Sports Concrete Diverse;Metal extranet Product;tertiary;N;withdrawal Soft Developer;Soap;N;tertiary redefine withdrawal;Y;Cross-platform Soft;silver deposit upward-trending;Lead Utah;N;payment Fantastic payment;functionalities;55869;75711;Wooden Wisconsin Florida;digital action-items Enhanced;N;hacking Frozen RSS;Shores
2;reinvent;Turkey Bedfordshire Rand;Account synthesize Chips;Kuna Sleek card;architect sensor;Tennessee;bluetooth deposit;N;Carolina Inlet;Islands;toolset;RSS;JSON reboot;Alaska Market;up Tuna;Chips Table quantify;Mouse;Investment;strategy Overpass;systems holistic;calculating Industrial;bleeding-edge Reduced;withdrawal visionary withdrawal;Practical Pennsylvania optical;Computer;Granite Solutions methodology;primary;Y;Mount Table;Senior Tuna Proactive;compressing Kiribati Investment;Infrastructure AGP application;Cloned Rubber Brand;Factors wireless Kids;Tasty multi-tasking;Montana programming Optimization;Ford Avon cross-platform;Frozen invoice;intermediate;primary green;Chair database;monitor Wooden;calculate Paradigm Implementation;clicks-and-mortar plug-and-play Shoes;Wooden;invoice TCP;open-source Corporate;Bacon;Awesome Russian;N;solution Baby;Shoes Music Unions;Y;navigating orchestrate;visualize Salad;mobile Solutions;N;strategic;Algeria maroon;Y;Rubber silver Pakistan;Y;Burundi;copy demand-driven;hack Mobility;Y;Virginia customized;neural Cambridgeshire;46190;42754;EXE;Iranian hour;N;Reduced;Hollow Internal
3;Haven Architect synthesizing;New;Account Buckinghamshire lime;Plastic Dynamic Optimization;Bacon;Legacy Granite scalable;Generic;Y;revolutionary;payment;card;benchmark Borders Street;invoice;bypass brand violet;core THX plug-and-play;Hat Checking;Program;neural optical;standardization;AGP;USB Intranet Plastic;Car Mouse;Beauty TCP Industrial;Supervisor dedicated;Unbranded Legacy programming;robust Program;Maryland;Y;Checking Minnesota blue;protocol Bedfordshire value-added;override system;interface Sports Granite;Passage transmit;eyeballs IB;Tennessee;Dollar Sausages;Shoes;Alabama Shoes;Plastic frame;Advanced United Koruna;Credit program;function;Awesome pixel;Field Ball;neural GB;programming alarm;calculate;networks;PCI Hat Lek;Y;forecast Expressway;Unbranded Lari Forward;N;port haptic Senior;Cambridgeshire;Unions Table Books;N;Kids Checking;Cove Rubber;Y;Tuna Synchronised;N;Tasty;Engineer transform Tenge;Bedfordshire cross-platform Plastic;N;Mandatory withdrawal Missouri;recontextualize Greens Creative;22869;62213;panel even-keeled;Soft Handcrafted;Y;enhance core Forward;Mandatory Business-focused payment
4;invoice Creative;Steel;Tunnel;Card Towels pink;Toys supply-chains USB;Product Unbranded;Ports multi-byte;N;firewall Self-enabling;productivity mint;withdrawal Group Sleek;Kazakhstan invoice Outdoors;Internal Riyal Cambridgeshire;New;transmit Practical;green Computer;tan Valley deposit;Soft Granite;Frozen;sticky Mexico Parkways;red green Ecuador;leverage deliverables haptic;Investment silver;Fantastic challenge Sleek;Texas Analyst Granite;Coordinator;Liaison;Y;24 platforms e-services;Sausages green;adapter;generate Shore Serbian;port Rapid Connecticut;envisioneer;customized Identity Berkshire;Borders;Shilling experiences;system structure;SAS Human Buckinghamshire;Proactive;Security indexing;platforms solution;Buckinghamshire;tan Borders;sensor hacking;Throughway schemas calculate;Small Avon;Games copy Mount;hub;N;Handmade Representative;transmit Developer;N;Chips Sleek Checking;Account SSL Liaison;drive Sports heuristic;Y;Computer Gorgeous Research;sensor Handmade;N;Djibouti primary;Y;workforce Solomon International;forecast 1080p;Suriname;N;invoice Sleek;Missouri;8528;37132;Stream users;Rubber Borders invoice;Y;Drive;violet defect
5;Metal;back-end;optical Nevada;Account;connect;Account envisioneer Multi-lateral;Executive synthesizing;N;copy;Cambridgeshire Macao;Barbuda architecture;plug-and-play applications Group;Buckinghamshire card;Automotive Upgradable Investment;monitoring user-centric;auxiliary;Program synthesizing;Rial generate alarm;Bedfordshire Granite redefine;Account;Brand Table;transform bypassing;Louisiana;deliverables Rustic;Concrete;matrix;Euro;N;mobile orange;Producer Gloves Forge;Switzerland circuit;Account;index Dominican;Rustic;Strategist;Markets;Human;synergies front-end;Home Product Advanced;lavender Accountability;Central Customizable;invoice Phased Vermont;viral program;parsing Investment;Persistent Liaison;multi-state;emulation;Outdoors bleeding-edge wireless;foreground;Y;Wooden;Plastic Future-proofed online;N;European initiatives;Mission Light;microchip payment Future;Y;back-end copy;Electronics Operations;N;Berkshire time-frame Borders;Y;Cliff Interactions functionalities;Steel;redundant Buckinghamshire;N;productivity;Avon AGP Soap;27740;17920;Metal radical;withdrawal Franc;Y;calculate Director;Beauty
6;Business-focused Implementation;Human Avon Manager;Loan integrate;Berkshire Andorra;Minnesota up;orange;optimizing;N;convergence;Rupee mesh;firewall Automotive;Music connecting;protocol driver;magenta;up attitude-oriented;Fresh Games attitude;Consultant;capacitor;Facilitator RSS;backing Books global;Nauru Ball Robust;deposit Steel;turquoise;Account CSS;wireless;Montana;Samoa;N;Franc payment;Franc Soft;Automotive cultivate;input connecting Functionality;supply-chains primary Brand;hybrid;holistic global;Kids Public-key drive;Small;Nevada;connecting program;Small infrastructure;Pitcairn Strategist;Nebraska application;reinvent;National end-to-end;Dollar) bluetooth invoice;supply-chains Idaho;invoice Assurance;Account;Granite grey;Y;Alabama unleash;framework methodologies Nebraska;Y;Health Soft;calculate;Account;Y;fresh-thinking;Antilles Account;Y;mobile Balboa;N;Fundamental;hacking;state;N;input Norway haptic;Coordinator 6th asymmetric;63019;4629;e-business morph;deposit;N;Colorado Monitored up;Customer schemas
7;Colorado Chief;XML payment Shirt;real-time;PNG backing;Integrated neutral copying;tolerance Rue Iowa;User-centric;Y;salmon Wooden;Mexico parse;overriding client-server;deploy Dollar;Grass-roots;fuchsia emulation JSON;indexing;Niger Industrial;Focused Games Bedfordshire;Metal primary Producer;California;synthesizing;Optimization Missouri;Arizona Borders;ivory Montana state;Wyoming;lavender Program;Metal;repurpose EXE;N;throughput;backing projection Borders;Small Keyboard Concrete;benchmark;value-added Metal Hong;Account;magenta;Towels analyzer;leading-edge;Sleek capacitor;input systematic;Books bluetooth Saudi;cross-platform HTTP Cambridgeshire;open-source Concrete Central;tertiary open-source;Configuration olive Executive;Refined monitor;deposit cross-platform;Sports;Gardens;Administrator;Y;silver Towels Parkway;encryption feed;Y;invoice Rhode;e-tailers;web-enabled Representative;N;fuchsia;Assurance Intelligent;Y;killer;N;Chicken;Fresh eco-centric Alaska;Tuna Principal;N;stable Rhode THX;Metal experiences Buckinghamshire;52746;55307;drive;alarm;Y;productivity Salad;Massachusetts microchip multi-state
8;Borders Ridge;Inverse system;Soap Universal;Junction Cambridgeshire;schemas Estonia;generation;Avon Hat Avon;N;purple generate Albania;unleash asynchronous;Israeli plug-and-play;Bedfordshire;black Extended;efficient bluetooth;Enterprise-wide Shirt;Designer program Factors;Kentucky one-to-one;application e-business;Maldives Cotton Steel;Colombian PNG emulation;Gloves;Card;SSL;drive withdrawal;Sol recontextualize olive;Computer programming Plaza;application infrastructure Factors;Y;intermediate program;alarm Baht;Cotton York monitoring;bus red;Awesome sensor Chair;Cambodia disintermediate Games;experiences plum models;matrices IB COM;Land mindshare copying;SDD Granite;connecting;Seamless;River visualize pink;Concrete withdrawal;optical Franc;Salad invoice AGP;frame Metal Licensed;Som Public-key Security;models strategize;Table Turnpike disintermediate;tan policy;N;neural bandwidth Route;TCP bypass;Y;Global Representative;Hills Industrial Object-based;Designer;N;end-to-end;Universal;N;lime Technician monitor;Y;SQL;e-services programming;white e-services;N;Technician Group;Engineer Planner;5649;1989;Operative auxiliary Maryland;Berkshire California;Y;Computers Gorgeous fuchsia;Avon
9;ivory synthesize;strategy Card Rupiah;Cotton Industrial;bluetooth Berkshire Small;system;Consultant programming;transmit Pizza;Y;Orchestrator bandwidth-monitored;grey;Krone Hollow;system generation Frozen;neural;Bedfordshire;niches;yellow withdrawal;transmitting;Liaison Pizza Accounts;neutral;mesh matrices;matrix Fish;Soap Palladium;Gorgeous;grow;Pants;solutions Islands, Cambodia;platforms;Y;Generic Pennsylvania Wooden;Global withdrawal;program partnerships;Buckinghamshire Bedfordshire;Gloves USB;Borders synthesize intranet;Bedfordshire online Borders;Chair supply-chains partnerships;mobile Frozen;firewall;Freeway card Mississippi;TCP quantifying;pixel;Investor;deposit De-engineered;Rubber asymmetric up;Berkshire Pre-emptive Salad;pricing;Roads lavender;Granite;Sum XSS;Y;backing indigo;interface;Y;needs-based Developer;Manor hacking FTP;magnetic generating;Y;Home Wooden parsing;extend;Y;connecting;N;overriding;Computer Lev;Table indigo;Y;calculate Product;calculate;73392;88105;hardware adapter Fresh;Delaware Beauty;Y;infrastructures Generic;payment cohesive
10;models Pants;multi-byte Producer Stand-alone;Account;Village withdrawal bleeding-edge;Bedfordshire action-items;Security;payment Iranian;Y;ROI;Consultant envisioneer THX;multi-byte;Decentralized maximized turquoise;grey up heuristic;up Optimization;ability;Harbor;Tasty circuit Liechtenstein;Colorado Principal;Web state;haptic;Soft Implementation Micronesia;program;24/365 Bedfordshire Borders;Bedfordshire application FTP;cross-media Credit ubiquitous;Marketing engineer Soft;programming;N;calculating Face;ADP;Fish eyeballs;synthesize content-based;Internal Streamlined solution;transparent;Decentralized Avon Awesome;interactive;Licensed firewall;line wireless virtual;salmon Car Sleek;Chair index hack;programming Bike Chips;Steel;driver SMS Operations;Valley;Music withdrawal;Cotton;Developer Ville;TCP;transmitting;N;bypassing quantifying Automotive;Borders Granite Customer-focused;Y;navigate Jordanian Rial;supply-chains Metal;Sports maroon Regional;N;turquoise;Moroccan;Y;Health;Y;Kentucky Extended;Enhanced;Research;Y;solutions national;feed;14067;20002;generate Mouse;feed COM;Y;24/7;Cambridgeshire Tobago COM
