id;pass;first_name;last_name;email;date;tel;jhi_user;country_code;authy_requested;verified_authy;authy_id;using_sms;dont_ask_30_days;dont_ask_date;confirm_withdrawal_email_btc;confirm_withdrawal_2_fa_btc;confirm_withdrawal_2_fa_bank;confirm_withdrawal_email_bank;notify_deposit_btc;notify_deposit_bank;last_update;no_logins;notify_login;deactivated;locked;google_2_fa_code;verified_google;last_lang;notify_withdraw_btc;notify_withdraw_bank;trusted
1;synergies;Alvena;Jaskolski;Ervin_Grady@gmail.com;2022-08-14T04:15:37;orange;Automated orange;63788;Y;N;44588;N;Y;2022-08-13T12:43:52;Y;Y;Y;Y;N;Y;2022-08-13T22:51:26;N;Y;Y;Y;Avon;N;Books Web real-time;N;N;Y
2;plug-and-play payment;Christophe;Gibson;Titus.Nitzsche@hotmail.com;2022-08-13T10:14:01;demand-driven;indexing;92915;N;N;69313;Y;Y;2022-08-13T20:07:17;N;N;Y;Y;Y;N;2022-08-13T12:23:47;Y;Y;N;N;Industrial;Y;strategize Soft out-of-the-box;Y;N;Y
3;empower;Isabell;Parker;Ettie.Weissnat6@yahoo.com;2022-08-14T04:07:20;Borders;Missouri turquoise Customer;79379;N;N;23547;Y;Y;2022-08-14T04:57:32;N;N;N;N;Y;N;2022-08-14T02:55:27;Y;Y;Y;N;modular;Y;microchip solutions Vermont;Y;Y;Y
4;sticky;Beulah;Moen;Elda_Barton@hotmail.com;2022-08-13T10:07:12;Account Central;Estate;14394;N;Y;23831;N;Y;2022-08-13T12:35:55;Y;Y;N;N;Y;Y;2022-08-13T12:13:25;N;Y;N;N;Chief virtual;N;Personal;N;N;Y
5;Versatile;Boris;Hodkiewicz;Taurean.Rosenbaum88@yahoo.com;2022-08-14T02:03:59;Incredible TCP;deposit network;56244;N;N;32719;Y;N;2022-08-13T22:44:42;N;N;Y;Y;Y;N;2022-08-14T01:58:43;N;N;Y;N;Wooden holistic;Y;Tennessee circuit;N;Y;Y
6;Web;Kasandra;Gleichner;Vena_Goodwin54@hotmail.com;2022-08-13T17:55:27;Refined;Games;50355;Y;N;30491;Y;Y;2022-08-14T07:38:49;N;N;Y;Y;Y;N;2022-08-13T10:20:53;Y;Y;Y;N;Cloned model;Y;Games;N;Y;N
7;Bedfordshire withdrawal;Vito;McLaughlin;Rod_Medhurst@hotmail.com;2022-08-13T18:00:33;tangible Credit;Loan Concrete;90790;Y;Y;54279;N;N;2022-08-14T07:10:47;N;Y;N;N;Y;Y;2022-08-14T07:25:31;Y;N;Y;Y;technologies;N;copying;N;Y;Y
8;Macao Berkshire Fresh;Tristin;Gerlach;Frederic_Ondricka93@yahoo.com;2022-08-13T14:15:23;Personal Bedfordshire;Electronics;69098;Y;Y;45274;Y;Y;2022-08-13T13:48:18;N;Y;N;N;N;N;2022-08-14T01:47:46;N;Y;N;N;Concrete;Y;copying;N;Y;N
9;Incredible set;Joanie;Koepp;Treva91@yahoo.com;2022-08-13T09:40:19;out-of-the-box;Designer;20065;N;N;85257;N;N;2022-08-13T10:21:44;N;Y;N;N;Y;N;2022-08-14T09:00:32;Y;N;N;Y;indexing AGP;Y;Soap Garden;Y;N;Y
10;TCP RSS Qatar;Felicity;Satterfield;Sister_Satterfield@gmail.com;2022-08-14T08:49:48;Licensed attitude;Secured Licensed;87305;Y;Y;94126;N;N;2022-08-14T07:44:15;Y;Y;N;N;N;Y;2022-08-13T10:35:30;Y;N;Y;N;Rubber Korea;Y;e-commerce Applications;N;N;Y
